n, time_normal, time_opt, L3_normal, L3_opt, L2_normal, L2_opt, FLOPS_DP_normal, FLOPS_DP_opt, FLOPS_AVX_normal, FLOPS_AVX_opt
1,1.391712e-06,1.208373e-06,49481.5019,74202.2538,0.3181,0.3754,84.3396,176.7946,0,0,
2,2.376039e-06,2.105182e-06,30194.7906,38700.6919,0.3522,0.3847,166.6093,206.5437,0,0,
3,6.102528e-06,6.245862e-06,9207.9872,11947.7504,0.3046,0.3691,165.4914,493.4245,0,0,
5,1.016424e-05,1.010507e-05,8040.7389,7657.1464,0.3177,0.3682,246.3122,349.7357,0,0,
8,2.293055e-05,1.899296e-05,3363.1989,4137.9543,0.2291,0.3669,287.9804,579.1724,0,0,
13,0.0001,2.391519e-05,1758.7082,2994.5821,0.1898,0.2940,332.5677,736.5455,0,0,
21,0.0001,0.0001,397.7862,1764.4191,0.2041,0.2846,338.3917,858.5137,0,0,
34,0.0004,0.0003,362.0051,575.6572,0.0882,0.1547,314.0591,482.1326,0,0,
