n, time_normal, time_opt, L3_normal, L3_opt, L2_normal, L2_opt, FLOPS_DP_normal, FLOPS_DP_opt, FLOPS_AVX_normal, FLOPS_AVX_opt
10,1.174336e-05,3.492734e-06,6310.9706,17957.2793,0.3433,0.3459,903.2152,2292.6865,0,763.5925,
32,0.0001,2.948857e-05,887.7816,3615.7738,0.1934,0.3073,686.1255,3768.9408,0,1773.4562,
50,0.0003,0.0001,597.5776,1815.4403,0.1970,0.2164,1473.7211,4883.1645,0,2253.6815,
64,0.0003,0.0001,412.0064,1289.7998,